Workbook

Sheet 00_总览
A1: 项目 | B1: 2026H1 设计团队定量分析模型
A2: 模型版本 | B2: 0.2
A3: 生成日期 | B3: 2026-07-08
A4: 本地评价表目录 | B4: /Users/frankyang/my_work/My_Team/2025 Mid-year review/xlsx
A5: 说明 | B5: 蓝色/黄色单元格为可调参数；模型分会根据权重和后续证据接入动态重算。
A6: 重要提醒 | B6: 当前本地员工评价表均为空模板，模型预估分不是最终绩效分，需要管理者校准。
A8: 姓名 | B8: 分析状态 | C8: 组织团队 | D8: 本地表状态 | E8: 模型预估分 | F8: 模型档位 | G8: 建议动作
A9: ='05_模型算分'!A2 | B9: ='05_模型算分'!B2 | C9: ='05_模型算分'!C2 | D9: ='05_模型算分'!D2 | E9: ='05_模型算分'!O2 | F9: ='05_模型算分'!P2 | G9: ='05_模型算分'!Q2
A10: ='05_模型算分'!A3 | B10: ='05_模型算分'!B3 | C10: ='05_模型算分'!C3 | D10: ='05_模型算分'!D3 | E10: ='05_模型算分'!O3 | F10: ='05_模型算分'!P3 | G10: ='05_模型算分'!Q3
A11: ='05_模型算分'!A4 | B11: ='05_模型算分'!B4 | C11: ='05_模型算分'!C4 | D11: ='05_模型算分'!D4 | E11: ='05_模型算分'!O4 | F11: ='05_模型算分'!P4 | G11: ='05_模型算分'!Q4
A12: ='05_模型算分'!A5 | B12: ='05_模型算分'!B5 | C12: ='05_模型算分'!C5 | D12: ='05_模型算分'!D5 | E12: ='05_模型算分'!O5 | F12: ='05_模型算分'!P5 | G12: ='05_模型算分'!Q5
A13: ='05_模型算分'!A6 | B13: ='05_模型算分'!B6 | C13: ='05_模型算分'!C6 | D13: ='05_模型算分'!D6 | E13: ='05_模型算分'!O6 | F13: ='05_模型算分'!P6 | G13: ='05_模型算分'!Q6
A14: ='05_模型算分'!A7 | B14: ='05_模型算分'!B7 | C14: ='05_模型算分'!C7 | D14: ='05_模型算分'!D7 | E14: ='05_模型算分'!O7 | F14: ='05_模型算分'!P7 | G14: ='05_模型算分'!Q7
A15: ='05_模型算分'!A8 | B15: ='05_模型算分'!B8 | C15: ='05_模型算分'!C8 | D15: ='05_模型算分'!D8 | E15: ='05_模型算分'!O8 | F15: ='05_模型算分'!P8 | G15: ='05_模型算分'!Q8
A16: ='05_模型算分'!A9 | B16: ='05_模型算分'!B9 | C16: ='05_模型算分'!C9 | D16: ='05_模型算分'!D9 | E16: ='05_模型算分'!O9 | F16: ='05_模型算分'!P9 | G16: ='05_模型算分'!Q9
A17: ='05_模型算分'!A10 | B17: ='05_模型算分'!B10 | C17: ='05_模型算分'!C10 | D17: ='05_模型算分'!D10 | E17: ='05_模型算分'!O10 | F17: ='05_模型算分'!P10 | G17: ='05_模型算分'!Q10
A18: ='05_模型算分'!A11 | B18: ='05_模型算分'!B11 | C18: ='05_模型算分'!C11 | D18: ='05_模型算分'!D11 | E18: ='05_模型算分'!O11 | F18: ='05_模型算分'!P11 | G18: ='05_模型算分'!Q11
A19: ='05_模型算分'!A12 | B19: ='05_模型算分'!B12 | C19: ='05_模型算分'!C12 | D19: ='05_模型算分'!D12 | E19: ='05_模型算分'!O12 | F19: ='05_模型算分'!P12 | G19: ='05_模型算分'!Q12
A20: ='05_模型算分'!A13 | B20: ='05_模型算分'!B13 | C20: ='05_模型算分'!C13 | D20: ='05_模型算分'!D13 | E20: ='05_模型算分'!O13 | F20: ='05_模型算分'!P13 | G20: ='05_模型算分'!Q13
... A23: ='05_模型算分'!A16 | B23: ='05_模型算分'!B16 | C23: ='05_模型算分'!C16 | D23: ='05_模型算分'!D16 | E23: ='05_模型算分'!O16 | F23: ='05_模型算分'!P16 | G23: ='05_模型算分'!Q16

Sheet 01_权重设置
A1: 参数ID | B1: 参数名称 | C1: 当前值 | D1: 单位/类型 | E1: 建议范围 | F1: 说明
A2: w_local_form | B2: 本地评价表权重 | C2: 0.25 | D2: ratio | E2: 0-0.50 | F2: 本地 Excel 已填写时参与；空模板时自动再分配给其他证据。
A3: w_evidence | B3: 云端/项目证据权重 | C3: 0.35 | D3: ratio | E3: 0.20-0.50 | F3: 来自飞书、云盘、会议、Figma metadata 与现有贡献分。
A4: w_role | B4: 组织/领域角色权重 | C4: 0.15 | D4: ratio | E4: 0.05-0.25 | F4: 体现 owner、domain leader、partner 等角色责任。
A5: w_mainline | B5: 主线贡献权重 | C5: 0.2 | D5: ratio | E5: 0.10-0.30 | F5: 体现 AI提效、领域驱动、超级合作等主线职责贡献。
A6: w_confidence | B6: 证据置信度权重 | C6: 0.05 | D6: ratio | E6: 0.00-0.15 | F6: 证据来源覆盖、是否原始数据可复核。
A7: evidence_benchmark | B7: 证据分基准 | C7: 100 | D7: score | E7: 80-150 | F7: 用于把 evidence_score 归一到 0-100，可随团队整体数据接入调整。
A8: project_benchmark | B8: 项目覆盖基准 | C8: 6 | D8: count | E8: 3-8 | F8: 项目覆盖数达到该值视为满档。
A9: leader_point | B9: 每个领域 leader 角色分 | C9: 10 | D9: points | E9: 6-12 | F9: 角色组件使用。
A10: partner_point | B10: 每个领域 partner 角色分 | C10: 3 | D10: points | E10: 1-5 | F10: 角色组件使用。
A11: owner_bonus | B11: 组织 owner 加分 | C11: 18 | D11: points | E11: 10-25 | F11: AI提效/超级合作 owner 的角色责任加成。
A12: active_confidence_floor | B12: 活跃成员置信度底线 | C12: 45 | D12: score | E12: 30-60 | F12: 有云端证据但本地表未填时的置信度底线。
A13: blank_form_penalty | B13: 空本地表惩罚 | C13: 0 | D13: points | E13: 0-10 | F13: 默认不惩罚，因为当前本地表大多是模板态。
A14: bonus_cap | B14: 加分项建议上限 | C14: 5 | D14: points | E14: 3-8 | F14: 用于后续人工评价表复核。
A15: weight_sum | B15: 权重合计 | C15: =SUM(C2:C6) | D15: ratio | E15: 应为 1.00 | F15: 如果不等于 1，模型仍按有效权重归一，但建议保持 1。

Sheet 02_主线打分规则
A1: 规则ID | B1: 模块 | C1: 分值/权重 | D1: A档条件 | E1: B档条件 | F1: C/D风险 | G1: 数据来源
A2: mainline_output | B2: 主线产出 | C2: 35% | D2: 有关键项目主责或平台级交付，交付物可追溯 | E2: 多项目稳定交付，主责边界清楚 | F2: 只有零散支援或证据不足 | G2: Figma/云盘/本地源文件/最终交付
A3: mainline_role | B3: 主线角色责任 | C3: 20% | D3: owner 或核心 domain leader，能做关键判断 | E3: 重要 partner 或二级 owner | F3: 角色缺失或职责未定义 | G3: organization-teams / domain-formation
A4: mainline_impact | B4: 主线影响力 | C4: 20% | D4: 跨团队复用、提效、方法论或机制沉淀 | E4: 项目内复用或局部提效 | F4: 只做单点执行，无复用记录 | G4: 复盘文档/工具使用记录/会议结论
A5: mainline_execution | B5: 主线推进闭环 | C5: 15% | D5: 按期闭环，风险预警清楚，阻塞少 | E5: 基本按期，问题有上报 | F5: 延期或返工多且缺少闭环 | G5: Jira/Gantt/飞书会议/反馈记录
A6: mainline_confidence | B6: 证据置信度 | C6: 10% | D6: 至少三类高/中置信来源交叉验证 | E6: 两类来源可验证 | F6: 仅自述或路径不可访问 | G6: raw export / evidence index
A8: 档位 | B8: 分数区间 | C8: 必要条件
A9: A | B9: 90-100 | C9: 至少一条关键项目主责或平台级贡献；证据覆盖 3 类以上来源；无重大质量/协作风险；有团队或跨团队影响。
A10: B+ | B10: 85-89 | C10: 多项目稳定交付，证据充分，有明确领域优势，但平台级影响或量化效果仍需补证。
A11: B | B11: 75-84 | C11: 完成本职和主要项目，协作与质量稳定，创新和影响力有限。
A12: C | B12: 60-74 | C12: 有交付但证据不足、延期/返工偏多，或主要为被动执行。
A13: D | B13: <60 | C13: 核心任务未达成、重大质量/协作风险，或证据无法支撑基本交付。

Sheet 03_映射表
A1: 类型 | B1: 键 | C1: 值 | D1: 说明
A2: qualitative_load | B2: critical_overload_risk | C2: 92 | D2: 关键过载，通常代表高责任/高复杂度。
A3: qualitative_load | B3: strategic_overload_risk | C3: 92 | D3: 战略高负载。
A4: qualitative_load | B4: high_overload_risk | C4: 88 | D4: 高过载。
A5: qualitative_load | B5: high_load | C5: 84 | D5: 高覆盖。
A6: qualitative_load | B6: broad_partner_load | C6: 78 | D6: 广覆盖协作者。
A7: qualitative_load | B7: balanced_specialist_load | C7: 80 | D7: 聚焦专家。
A8: qualitative_load | B8: medium_high_load | C8: 76 | D8: 中高负载。
A9: qualitative_load | B9: super_collaboration_support_capacity | C9: 68 | D9: 超级合作支援池。
A10: qualitative_load | B10: onboarding_capacity | C10: 55 | D10: 新人/onboarding。
A11: qualitative_load | B11: super_collaboration_unassigned_capacity | C11: 50 | D11: 未分配容量。
A12: organization_role | B12: owner | C12: 100 | D12: 组织主责。
A13: organization_role | B13: domain_driven_member | C13: 78 | D13: 领域驱动成员。
... A18: local_form_status | B18: missing | C18: 30 | D18: 未发现本地表。

Sheet 04_员工输入
A1: 姓名 | B1: agent_id | C1: 分析状态 | D1: 组织团队 | E1: 组织角色 | F1: 负载标签 | G1: 历史项目数 | H1: 领域Leader数 | I1: 领域Partner数 | J1: 可见证据分 | K1: 可见项目数 | L1: 手填项目数 | M1: 项目差值 | N1: Top项目 | O1: 本地文件 | P1: 本地表状态 | Q1: 已填子项数 | R1: 本地基础分 | S1: 本地加分 | T1: 本地扣分 | U1: 本地最终分 | V1: 本地档位
A2: 余宗历 | B2: subagent-yu-zongli | C2: active | D2: 领域驱动 | E2: domain_driven_member | F2: broad_partner_load | G2: 1 | H2: 0 | I2: 12 | J2: 13 | K2: 2 | L2: 1 | M2: 1 | N2: 奔驰HMI:8.0; Figma / 创意研究画板:5.0 | O2: /Users/frankyang/my_work/My_Team/2025 Mid-year review/xlsx/余宗历/2026H1半年度评价表_余宗历.xlsx | P2: template_blank | Q2: 0 | R2: 0 | S2: 0 | T2: 0 | U2: 0 | V2: A/B/C/D
A3: 刘锦峰 | B3: subagent-liu-jinfeng | C3: active | D3: 超级合作 | E3: super_collaboration_member | F3: super_collaboration_support_capacity | G3: 2 | H3: 0 | I3: 0 | J3: 4 | K3: 2 | L3: 2 | M3: 0 | N3: 红旗8397:2.0; 东风8397:2.0 | O3: /Users/frankyang/my_work/My_Team/2025 Mid-year review/xlsx/刘锦峰/2026H1半年度评价表_刘锦峰.xlsx | P3: template_blank | Q3: 0 | R3: 0 | S3: 0 | T3: 0 | U3: 0 | V3: A/B/C/D
A4: 孙若一 | B4: subagent-sun-ruoyi | C4: active | D4: 超级合作 | E4: super_collaboration_member | F4: super_collaboration_support_capacity | G4: 5 | H4: 0 | I4: 0 | J4: 10 | K4: 4 | L4: 5 | M4: -1 | N4: AIOS / AI Workflow / AI Worker:3.0; Figma / 创意研究画板:3.0; 理想游戏上车:2.0; 东风8397:2.0 | O4: /Users/frankyang/my_work/My_Team/2025 Mid-year review/xlsx/孙若一/2026H1半年度评价表_孙若一.xlsx | P4: template_blank | Q4: 0 | R4: 0 | S4: 0 | T4: 0 | U4: 0 | V4: A/B/C/D
A5: 张云豪 | B5: subagent-zhang-yunhao | C5: active | D5: 领域驱动 | E5: domain_driven_member | F5: high_load | G5: 3 | H5: 3 | I5: 9 | J5: 18 | K5: 6 | L5: 3 | M5: 3 | N5: 红旗8397:5.0; 奔腾E541 / 奔腾实验室:3.0; 2026车展DEMO:3.0; AIOS / AI Workflow / AI Worker:3.0; 东风8397:2.0 | O5: /Users/frankyang/my_work/My_Team/2025 Mid-year review/xlsx/张云豪/2026H1半年度评价表_张云豪.xlsx | P5: template_blank | Q5: 0 | R5: 0 | S5: 0 | T5: 0 | U5: 0 | V5: A/B/C/D
A6: 张劲 | B6: subagent-zhang-jin | C6: active | D6: 领域驱动 | E6: domain_driven_member | F6: critical_overload_risk | G6: 3 | H6: 4 | I6: 16 | J6: 34.5 | K6: 4 | L6: 3 | M6: 1 | N6: 红旗8397:19.0; 设计系统 / 动效平台化:6.5; AIOS / AI Workflow / AI Worker:4.5; Figma / 创意研究画板:4.5 | O6: /Users/frankyang/my_work/My_Team/2025 Mid-year review/xlsx/张劲/2026H1半年度评价表_张劲.xlsx | P6: template_blank | Q6: 0 | R6: 0 | S6: 0 | T6: 0 | U6: 0 | V6: A/B/C/D
A7: 张婕 | C7: excluded_transition | G7: 0 | H7: 0 | I7: 0 | J7: 0 | K7: 0 | L7: 0 | M7: 0 | O7: /Users/frankyang/my_work/My_Team/2025 Mid-year review/xlsx/张婕/2026H1半年度评价表_张婕.xlsx | P7: template_blank | Q7: 0 | R7: 0 | S7: 0 | T7: 0 | U7: 0 | V7: A/B/C/D
A8: 张帆 | B8: subagent-zhang-fan | C8: active | D8: 领域驱动 | E8: domain_driven_member | F8: medium_high_load | G8: 3 | H8: 1 | I8: 9 | J8: 14 | K8: 2 | L8: 3 | M8: -1 | N8: AIOS / AI Workflow / AI Worker:12.0; 红旗8397:2.0 | O8: /Users/frankyang/my_work/My_Team/2025 Mid-year review/xlsx/张帆/2026H1半年度评价表_张帆.xlsx | P8: template_blank | Q8: 0 | R8: 0 | S8: 0 | T8: 0 | U8: 0 | V8: A/B/C/D
A9: 李昊星 | B9: subagent-li-haoxing | C9: active | D9: 超级合作 | E9: super_collaboration_member | F9: super_collaboration_unassigned_capacity | G9: 0 | H9: 0 | I9: 0 | J9: 3 | K9: 1 | L9: 0 | M9: 1 | N9: AIOS / AI Workflow / AI Worker:3.0 | O9: /Users/frankyang/my_work/My_Team/2025 Mid-year review/xlsx/李昊星/2026H1半年度评价表_李昊星.xlsx | P9: template_blank | Q9: 0 | R9: 0 | S9: 0 | T9: 0 | U9: 0 | V9: A/B/C/D
A10: 李玮 | B10: subagent-li-wei | C10: active | D10: 领域驱动 | E10: domain_driven_member | F10: high_overload_risk | G10: 3 | H10: 6 | I10: 11 | J10: 76 | K10: 6 | L10: 3 | M10: 3 | N10: 2026车展DEMO:18.0; 红旗8397:16.0; 设计系统 / 动效平台化:12.0; AIOS / AI Workflow / AI Worker:12.0; 理想游戏上车:9.0 | O10: /Users/frankyang/my_work/My_Team/2025 Mid-year review/xlsx/李玮/2026H1半年度评价表_李玮.xlsx | P10: template_blank | Q10: 0 | R10: 0 | S10: 0 | T10: 0 | U10: 0 | V10: A/B/C/D
A11: 李苏南 | B11: subagent-li-sunan | C11: active | D11: 超级合作 | E11: owner | F11: critical_overload_risk | G11: 5 | H11: 6 | I11: 14 | J11: 58 | K11: 6 | L11: 5 | M11: 1 | N11: 东风8397:31.5; 东风4SR / 8295 4SR:11.0; 奔腾E541 / 奔腾实验室:7.0; Figma / 创意研究画板:4.0; 设计系统 / 动效平台化:3.0 | O11: /Users/frankyang/my_work/My_Team/2025 Mid-year review/xlsx/李苏南/2026H1半年度评价表_李苏南.xlsx | P11: template_blank | Q11: 0 | R11: 0 | S11: 0 | T11: 0 | U11: 0 | V11: A/B/C/D
A12: 李颖 | B12: subagent-li-ying | C12: active | D12: AI提效 | E12: owner | F12: strategic_overload_risk | G12: 4 | H12: 2 | I12: 10 | J12: 101.5 | K12: 5 | L12: 4 | M12: 1 | N12: AIOS / AI Workflow / AI Worker:46.5; 2026车展DEMO:24.5; Figma / 创意研究画板:16.5; 红旗8397:8.0; 设计系统 / 动效平台化:6.0 | O12: /Users/frankyang/my_work/My_Team/2025 Mid-year review/xlsx/李颖/2026H1半年度评价表_李颖.xlsx | P12: template_blank | Q12: 0 | R12: 0 | S12: 0 | T12: 0 | U12: 0 | V12: A/B/C/D
A13: 杜馨柯 | B13: subagent-du-xinke | C13: active | D13: 超级合作 | E13: super_collaboration_member | F13: onboarding_capacity | G13: 0 | H13: 0 | I13: 0 | J13: 0 | K13: 0 | L13: 0 | M13: 0 | O13: /Users/frankyang/my_work/My_Team/2025 Mid-year review/xlsx/杜馨柯/2026H1半年度评价表_杜馨柯.xlsx | P13: template_blank | Q13: 0 | R13: 0 | S13: 0 | T13: 0 | U13: 0 | V13: A/B/C/D
A14: 陈宁子 | B14: subagent-chen-ningzi | C14: active | D14: 超级合作 | E14: super_collaboration_member | F14: onboarding_capacity | G14: 0 | H14: 0 | I14: 0 | J14: 3 | K14: 1 | L14: 0 | M14: 1 | N14: AIOS / AI Workflow / AI Worker:3.0 | O14: /Users/frankyang/my_work/My_Team/2025 Mid-year review/xlsx/陈宁子/2026H1半年度评价表_陈宁子.xlsx | P14: template_blank | Q14: 0 | R14: 0 | S14: 0 | T14: 0 | U14: 0 | V14: A/B/C/D
A15: 韩康佳 | B15: subagent-han-kangjia | C15: active | D15: 领域驱动 | E15: domain_driven_member | F15: balanced_specialist_load | G15: 2 | H15: 2 | I15: 8 | J15: 55.5 | K15: 6 | L15: 2 | M15: 4 | N15: 红旗8397:17.0; Figma / 创意研究画板:13.5; 东风8397:9.0; 广汽音频可视化:7.0; 设计系统 / 动效平台化:6.0 | O15: /Users/frankyang/my_work/My_Team/2025 Mid-year review/xlsx/韩康佳/2026H1半年度评价表_韩康佳.xlsx | P15: template_blank | Q15: 0 | R15: 0 | S15: 0 | T15: 0 | U15: 0 | V15: A/B/C/D
A16: 顾颖芝 | B16: subagent-gu-yingzhi | C16: active | D16: 领域驱动 | E16: domain_driven_member | F16: high_load | G16: 3 | H16: 4 | I16: 8 | J16: 13 | K16: 4 | L16: 3 | M16: 1 | N16: 红旗8397:5.0; AIOS / AI Workflow / AI Worker:3.0; 设计系统 / 动效平台化:3.0; 2026车展DEMO:2.0 | O16: /Users/frankyang/my_work/My_Team/2025 Mid-year review/xlsx/顾颖芝/2026H1半年度评价表_顾颖芝.xlsx | P16: template_blank | Q16: 0 | R16: 0 | S16: 0 | T16: 0 | U16: 0 | V16: A/B/C/D

Sheet 05_模型算分
A1: 姓名 | B1: 分析状态 | C1: 组织团队 | D1: 本地表状态 | E1: 本地表分 | F1: 证据归一分 | G1: 角色责任分 | H1: 主线贡献分 | I1: 证据置信分 | J1: 本地有效权重 | K1: 证据有效权重 | L1: 角色有效权重 | M1: 主线有效权重 | N1: 置信有效权重 | O1: 模型预估分 | P1: 模型档位 | Q1: 建议动作 | R1: 说明
A2: ='04_员工输入'!A2 | B2: ='04_员工输入'!C2 | C2: ='04_员工输入'!D2 | D2: ='04_员工输入'!P2 | E2: =IF(D2="filled",'04_员工输入'!U2,IFERROR(SUMIFS('03_映射表'!$C:$C,'03_映射表'!$A:$A,"qualitative_load",'03_映射表'!$B:$B,'04_员工输入'!F2),60)) | F2: =MIN(100,'04_员工输入'!J2/VLOOKUP("evidence_benchmark",'01_权重设置'!$A:$C,3,FALSE)*100) | G2: =MIN(100,'04_员工输入'!H2*VLOOKUP("leader_point",'01_权重设置'!$A:$C,3,FALSE)+'04_员工输入'!I2*VLOOKUP("partner_point",'01_权重设置'!$A:$C,3,FALSE)+IF('04_员工输入'!E2="owner",VLOOKUP("owner_bonus",'01_权重设置'!$A:$C,3,FALSE),0)) | H2: =ROUND((F2*0.45+G2*0.25+MIN(100,'04_员工输入'!K2/VLOOKUP("project_benchmark",'01_权重设置'!$A:$C,3,FALSE)*100)*0.20+IFERROR(SUMIFS('03_映射表'!$C:$C,'03_映射表'!$A:$A,"qualitative_load",'03_映射表'!$B:$B,'04_员工输入'!F2),60)*0.10),1) | I2: =MIN(100,IF(D2="filled",35,0)+IF('04_员工输入'!J2>0,35,0)+IF('04_员工输入'!K2>0,15,0)+IF('04_员工输入'!H2+'04_员工输入'!I2>0,15,0)) | J2: =VLOOKUP("w_local_form",'01_权重设置'!$A:$C,3,FALSE) | K2: =VLOOKUP("w_evidence",'01_权重设置'!$A:$C,3,FALSE) | L2: =VLOOKUP("w_role",'01_权重设置'!$A:$C,3,FALSE) | M2: =VLOOKUP("w_mainline",'01_权重设置'!$A:$C,3,FALSE) | N2: =VLOOKUP("w_confidence",'01_权重设置'!$A:$C,3,FALSE) | O2: =IF(B2="excluded_transition","EXCLUDED",ROUND(E2*J2+F2*K2+G2*L2+H2*M2+I2*N2-VLOOKUP("blank_form_penalty",'01_权重设置'!$A:$C,3,FALSE)*(D2<>"filled"),1)) | P2: =IF(O2="EXCLUDED","排除",IF(O2>=90,"A",IF(O2>=85,"B+",IF(O2>=75,"B",IF(O2>=60,"C","D"))))) | Q2: =IF(B2="excluded_transition","不进入本轮主分析",IF(D2<>"filled","补齐本地评价表与证据索引",IF(I2<70,"补证并复核置信度","可进入管理者校准"))) | R2: =IF(D2<>"filled","当前本地员工表为空模板，本地表分使用现有规则基线；填写后自动替换为人工评价分。","本地评价表已参与模型加权。")
A3: ='04_员工输入'!A3 | B3: ='04_员工输入'!C3 | C3: ='04_员工输入'!D3 | D3: ='04_员工输入'!P3 | E3: =IF(D3="filled",'04_员工输入'!U3,IFERROR(SUMIFS('03_映射表'!$C:$C,'03_映射表'!$A:$A,"qualitative_load",'03_映射表'!$B:$B,'04_员工输入'!F3),60)) | F3: =MIN(100,'04_员工输入'!J3/VLOOKUP("evidence_benchmark",'01_权重设置'!$A:$C,3,FALSE)*100) | G3: =MIN(100,'04_员工输入'!H3*VLOOKUP("leader_point",'01_权重设置'!$A:$C,3,FALSE)+'04_员工输入'!I3*VLOOKUP("partner_point",'01_权重设置'!$A:$C,3,FALSE)+IF('04_员工输入'!E3="owner",VLOOKUP("owner_bonus",'01_权重设置'!$A:$C,3,FALSE),0)) | H3: =ROUND((F3*0.45+G3*0.25+MIN(100,'04_员工输入'!K3/VLOOKUP("project_benchmark",'01_权重设置'!$A:$C,3,FALSE)*100)*0.20+IFERROR(SUMIFS('03_映射表'!$C:$C,'03_映射表'!$A:$A,"qualitative_load",'03_映射表'!$B:$B,'04_员工输入'!F3),60)*0.10),1) | I3: =MIN(100,IF(D3="filled",35,0)+IF('04_员工输入'!J3>0,35,0)+IF('04_员工输入'!K3>0,15,0)+IF('04_员工输入'!H3+'04_员工输入'!I3>0,15,0)) | J3: =VLOOKUP("w_local_form",'01_权重设置'!$A:$C,3,FALSE) | K3: =VLOOKUP("w_evidence",'01_权重设置'!$A:$C,3,FALSE) | L3: =VLOOKUP("w_role",'01_权重设置'!$A:$C,3,FALSE) | M3: =VLOOKUP("w_mainline",'01_权重设置'!$A:$C,3,FALSE) | N3: =VLOOKUP("w_confidence",'01_权重设置'!$A:$C,3,FALSE) | O3: =IF(B3="excluded_transition","EXCLUDED",ROUND(E3*J3+F3*K3+G3*L3+H3*M3+I3*N3-VLOOKUP("blank_form_penalty",'01_权重设置'!$A:$C,3,FALSE)*(D3<>"filled"),1)) | P3: =IF(O3="EXCLUDED","排除",IF(O3>=90,"A",IF(O3>=85,"B+",IF(O3>=75,"B",IF(O3>=60,"C","D"))))) | Q3: =IF(B3="excluded_transition","不进入本轮主分析",IF(D3<>"filled","补齐本地评价表与证据索引",IF(I3<70,"补证并复核置信度","可进入管理者校准"))) | R3: =IF(D3<>"filled","当前本地员工表为空模板，本地表分使用现有规则基线；填写后自动替换为人工评价分。","本地评价表已参与模型加权。")
A4: ='04_员工输入'!A4 | B4: ='04_员工输入'!C4 | C4: ='04_员工输入'!D4 | D4: ='04_员工输入'!P4 | E4: =IF(D4="filled",'04_员工输入'!U4,IFERROR(SUMIFS('03_映射表'!$C:$C,'03_映射表'!$A:$A,"qualitative_load",'03_映射表'!$B:$B,'04_员工输入'!F4),60)) | F4: =MIN(100,'04_员工输入'!J4/VLOOKUP("evidence_benchmark",'01_权重设置'!$A:$C,3,FALSE)*100) | G4: =MIN(100,'04_员工输入'!H4*VLOOKUP("leader_point",'01_权重设置'!$A:$C,3,FALSE)+'04_员工输入'!I4*VLOOKUP("partner_point",'01_权重设置'!$A:$C,3,FALSE)+IF('04_员工输入'!E4="owner",VLOOKUP("owner_bonus",'01_权重设置'!$A:$C,3,FALSE),0)) | H4: =ROUND((F4*0.45+G4*0.25+MIN(100,'04_员工输入'!K4/VLOOKUP("project_benchmark",'01_权重设置'!$A:$C,3,FALSE)*100)*0.20+IFERROR(SUMIFS('03_映射表'!$C:$C,'03_映射表'!$A:$A,"qualitative_load",'03_映射表'!$B:$B,'04_员工输入'!F4),60)*0.10),1) | I4: =MIN(100,IF(D4="filled",35,0)+IF('04_员工输入'!J4>0,35,0)+IF('04_员工输入'!K4>0,15,0)+IF('04_员工输入'!H4+'04_员工输入'!I4>0,15,0)) | J4: =VLOOKUP("w_local_form",'01_权重设置'!$A:$C,3,FALSE) | K4: =VLOOKUP("w_evidence",'01_权重设置'!$A:$C,3,FALSE) | L4: =VLOOKUP("w_role",'01_权重设置'!$A:$C,3,FALSE) | M4: =VLOOKUP("w_mainline",'01_权重设置'!$A:$C,3,FALSE) | N4: =VLOOKUP("w_confidence",'01_权重设置'!$A:$C,3,FALSE) | O4: =IF(B4="excluded_transition","EXCLUDED",ROUND(E4*J4+F4*K4+G4*L4+H4*M4+I4*N4-VLOOKUP("blank_form_penalty",'01_权重设置'!$A:$C,3,FALSE)*(D4<>"filled"),1)) | P4: =IF(O4="EXCLUDED","排除",IF(O4>=90,"A",IF(O4>=85,"B+",IF(O4>=75,"B",IF(O4>=60,"C","D"))))) | Q4: =IF(B4="excluded_transition","不进入本轮主分析",IF(D4<>"filled","补齐本地评价表与证据索引",IF(I4<70,"补证并复核置信度","可进入管理者校准"))) | R4: =IF(D4<>"filled","当前本地员工表为空模板，本地表分使用现有规则基线；填写后自动替换为人工评价分。","本地评价表已参与模型加权。")
A5: ='04_员工输入'!A5 | B5: ='04_员工输入'!C5 | C5: ='04_员工输入'!D5 | D5: ='04_员工输入'!P5 | E5: =IF(D5="filled",'04_员工输入'!U5,IFERROR(SUMIFS('03_映射表'!$C:$C,'03_映射表'!$A:$A,"qualitative_load",'03_映射表'!$B:$B,'04_员工输入'!F5),60)) | F5: =MIN(100,'04_员工输入'!J5/VLOOKUP("evidence_benchmark",'01_权重设置'!$A:$C,3,FALSE)*100) | G5: =MIN(100,'04_员工输入'!H5*VLOOKUP("leader_point",'01_权重设置'!$A:$C,3,FALSE)+'04_员工输入'!I5*VLOOKUP("partner_point",'01_权重设置'!$A:$C,3,FALSE)+IF('04_员工输入'!E5="owner",VLOOKUP("owner_bonus",'01_权重设置'!$A:$C,3,FALSE),0)) | H5: =ROUND((F5*0.45+G5*0.25+MIN(100,'04_员工输入'!K5/VLOOKUP("project_benchmark",'01_权重设置'!$A:$C,3,FALSE)*100)*0.20+IFERROR(SUMIFS('03_映射表'!$C:$C,'03_映射表'!$A:$A,"qualitative_load",'03_映射表'!$B:$B,'04_员工输入'!F5),60)*0.10),1) | I5: =MIN(100,IF(D5="filled",35,0)+IF('04_员工输入'!J5>0,35,0)+IF('04_员工输入'!K5>0,15,0)+IF('04_员工输入'!H5+'04_员工输入'!I5>0,15,0)) | J5: =VLOOKUP("w_local_form",'01_权重设置'!$A:$C,3,FALSE) | K5: =VLOOKUP("w_evidence",'01_权重设置'!$A:$C,3,FALSE) | L5: =VLOOKUP("w_role",'01_权重设置'!$A:$C,3,FALSE) | M5: =VLOOKUP("w_mainline",'01_权重设置'!$A:$C,3,FALSE) | N5: =VLOOKUP("w_confidence",'01_权重设置'!$A:$C,3,FALSE) | O5: =IF(B5="excluded_transition","EXCLUDED",ROUND(E5*J5+F5*K5+G5*L5+H5*M5+I5*N5-VLOOKUP("blank_form_penalty",'01_权重设置'!$A:$C,3,FALSE)*(D5<>"filled"),1)) | P5: =IF(O5="EXCLUDED","排除",IF(O5>=90,"A",IF(O5>=85,"B+",IF(O5>=75,"B",IF(O5>=60,"C","D"))))) | Q5: =IF(B5="excluded_transition","不进入本轮主分析",IF(D5<>"filled","补齐本地评价表与证据索引",IF(I5<70,"补证并复核置信度","可进入管理者校准"))) | R5: =IF(D5<>"filled","当前本地员工表为空模板，本地表分使用现有规则基线；填写后自动替换为人工评价分。","本地评价表已参与模型加权。")
A6: ='04_员工输入'!A6 | B6: ='04_员工输入'!C6 | C6: ='04_员工输入'!D6 | D6: ='04_员工输入'!P6 | E6: =IF(D6="filled",'04_员工输入'!U6,IFERROR(SUMIFS('03_映射表'!$C:$C,'03_映射表'!$A:$A,"qualitative_load",'03_映射表'!$B:$B,'04_员工输入'!F6),60)) | F6: =MIN(100,'04_员工输入'!J6/VLOOKUP("evidence_benchmark",'01_权重设置'!$A:$C,3,FALSE)*100) | G6: =MIN(100,'04_员工输入'!H6*VLOOKUP("leader_point",'01_权重设置'!$A:$C,3,FALSE)+'04_员工输入'!I6*VLOOKUP("partner_point",'01_权重设置'!$A:$C,3,FALSE)+IF('04_员工输入'!E6="owner",VLOOKUP("owner_bonus",'01_权重设置'!$A:$C,3,FALSE),0)) | H6: =ROUND((F6*0.45+G6*0.25+MIN(100,'04_员工输入'!K6/VLOOKUP("project_benchmark",'01_权重设置'!$A:$C,3,FALSE)*100)*0.20+IFERROR(SUMIFS('03_映射表'!$C:$C,'03_映射表'!$A:$A,"qualitative_load",'03_映射表'!$B:$B,'04_员工输入'!F6),60)*0.10),1) | I6: =MIN(100,IF(D6="filled",35,0)+IF('04_员工输入'!J6>0,35,0)+IF('04_员工输入'!K6>0,15,0)+IF('04_员工输入'!H6+'04_员工输入'!I6>0,15,0)) | J6: =VLOOKUP("w_local_form",'01_权重设置'!$A:$C,3,FALSE) | K6: =VLOOKUP("w_evidence",'01_权重设置'!$A:$C,3,FALSE) | L6: =VLOOKUP("w_role",'01_权重设置'!$A:$C,3,FALSE) | M6: =VLOOKUP("w_mainline",'01_权重设置'!$A:$C,3,FALSE) | N6: =VLOOKUP("w_confidence",'01_权重设置'!$A:$C,3,FALSE) | O6: =IF(B6="excluded_transition","EXCLUDED",ROUND(E6*J6+F6*K6+G6*L6+H6*M6+I6*N6-VLOOKUP("blank_form_penalty",'01_权重设置'!$A:$C,3,FALSE)*(D6<>"filled"),1)) | P6: =IF(O6="EXCLUDED","排除",IF(O6>=90,"A",IF(O6>=85,"B+",IF(O6>=75,"B",IF(O6>=60,"C","D"))))) | Q6: =IF(B6="excluded_transition","不进入本轮主分析",IF(D6<>"filled","补齐本地评价表与证据索引",IF(I6<70,"补证并复核置信度","可进入管理者校准"))) | R6: =IF(D6<>"filled","当前本地员工表为空模板，本地表分使用现有规则基线；填写后自动替换为人工评价分。","本地评价表已参与模型加权。")
A7: ='04_员工输入'!A7 | B7: ='04_员工输入'!C7 | C7: ='04_员工输入'!D7 | D7: ='04_员工输入'!P7 | E7: =IF(D7="filled",'04_员工输入'!U7,IFERROR(SUMIFS('03_映射表'!$C:$C,'03_映射表'!$A:$A,"qualitative_load",'03_映射表'!$B:$B,'04_员工输入'!F7),60)) | F7: =MIN(100,'04_员工输入'!J7/VLOOKUP("evidence_benchmark",'01_权重设置'!$A:$C,3,FALSE)*100) | G7: =MIN(100,'04_员工输入'!H7*VLOOKUP("leader_point",'01_权重设置'!$A:$C,3,FALSE)+'04_员工输入'!I7*VLOOKUP("partner_point",'01_权重设置'!$A:$C,3,FALSE)+IF('04_员工输入'!E7="owner",VLOOKUP("owner_bonus",'01_权重设置'!$A:$C,3,FALSE),0)) | H7: =ROUND((F7*0.45+G7*0.25+MIN(100,'04_员工输入'!K7/VLOOKUP("project_benchmark",'01_权重设置'!$A:$C,3,FALSE)*100)*0.20+IFERROR(SUMIFS('03_映射表'!$C:$C,'03_映射表'!$A:$A,"qualitative_load",'03_映射表'!$B:$B,'04_员工输入'!F7),60)*0.10),1) | I7: =MIN(100,IF(D7="filled",35,0)+IF('04_员工输入'!J7>0,35,0)+IF('04_员工输入'!K7>0,15,0)+IF('04_员工输入'!H7+'04_员工输入'!I7>0,15,0)) | J7: =VLOOKUP("w_local_form",'01_权重设置'!$A:$C,3,FALSE) | K7: =VLOOKUP("w_evidence",'01_权重设置'!$A:$C,3,FALSE) | L7: =VLOOKUP("w_role",'01_权重设置'!$A:$C,3,FALSE) | M7: =VLOOKUP("w_mainline",'01_权重设置'!$A:$C,3,FALSE) | N7: =VLOOKUP("w_confidence",'01_权重设置'!$A:$C,3,FALSE) | O7: =IF(B7="excluded_transition","EXCLUDED",ROUND(E7*J7+F7*K7+G7*L7+H7*M7+I7*N7-VLOOKUP("blank_form_penalty",'01_权重设置'!$A:$C,3,FALSE)*(D7<>"filled"),1)) | P7: =IF(O7="EXCLUDED","排除",IF(O7>=90,"A",IF(O7>=85,"B+",IF(O7>=75,"B",IF(O7>=60,"C","D"))))) | Q7: =IF(B7="excluded_transition","不进入本轮主分析",IF(D7<>"filled","补齐本地评价表与证据索引",IF(I7<70,"补证并复核置信度","可进入管理者校准"))) | R7: =IF(D7<>"filled","当前本地员工表为空模板，本地表分使用现有规则基线；填写后自动替换为人工评价分。","本地评价表已参与模型加权。")
A8: ='04_员工输入'!A8 | B8: ='04_员工输入'!C8 | C8: ='04_员工输入'!D8 | D8: ='04_员工输入'!P8 | E8: =IF(D8="filled",'04_员工输入'!U8,IFERROR(SUMIFS('03_映射表'!$C:$C,'03_映射表'!$A:$A,"qualitative_load",'03_映射表'!$B:$B,'04_员工输入'!F8),60)) | F8: =MIN(100,'04_员工输入'!J8/VLOOKUP("evidence_benchmark",'01_权重设置'!$A:$C,3,FALSE)*100) | G8: =MIN(100,'04_员工输入'!H8*VLOOKUP("leader_point",'01_权重设置'!$A:$C,3,FALSE)+'04_员工输入'!I8*VLOOKUP("partner_point",'01_权重设置'!$A:$C,3,FALSE)+IF('04_员工输入'!E8="owner",VLOOKUP("owner_bonus",'01_权重设置'!$A:$C,3,FALSE),0)) | H8: =ROUND((F8*0.45+G8*0.25+MIN(100,'04_员工输入'!K8/VLOOKUP("project_benchmark",'01_权重设置'!$A:$C,3,FALSE)*100)*0.20+IFERROR(SUMIFS('03_映射表'!$C:$C,'03_映射表'!$A:$A,"qualitative_load",'03_映射表'!$B:$B,'04_员工输入'!F8),60)*0.10),1) | I8: =MIN(100,IF(D8="filled",35,0)+IF('04_员工输入'!J8>0,35,0)+IF('04_员工输入'!K8>0,15,0)+IF('04_员工输入'!H8+'04_员工输入'!I8>0,15,0)) | J8: =VLOOKUP("w_local_form",'01_权重设置'!$A:$C,3,FALSE) | K8: =VLOOKUP("w_evidence",'01_权重设置'!$A:$C,3,FALSE) | L8: =VLOOKUP("w_role",'01_权重设置'!$A:$C,3,FALSE) | M8: =VLOOKUP("w_mainline",'01_权重设置'!$A:$C,3,FALSE) | N8: =VLOOKUP("w_confidence",'01_权重设置'!$A:$C,3,FALSE) | O8: =IF(B8="excluded_transition","EXCLUDED",ROUND(E8*J8+F8*K8+G8*L8+H8*M8+I8*N8-VLOOKUP("blank_form_penalty",'01_权重设置'!$A:$C,3,FALSE)*(D8<>"filled"),1)) | P8: =IF(O8="EXCLUDED","排除",IF(O8>=90,"A",IF(O8>=85,"B+",IF(O8>=75,"B",IF(O8>=60,"C","D"))))) | Q8: =IF(B8="excluded_transition","不进入本轮主分析",IF(D8<>"filled","补齐本地评价表与证据索引",IF(I8<70,"补证并复核置信度","可进入管理者校准"))) | R8: =IF(D8<>"filled","当前本地员工表为空模板，本地表分使用现有规则基线；填写后自动替换为人工评价分。","本地评价表已参与模型加权。")
A9: ='04_员工输入'!A9 | B9: ='04_员工输入'!C9 | C9: ='04_员工输入'!D9 | D9: ='04_员工输入'!P9 | E9: =IF(D9="filled",'04_员工输入'!U9,IFERROR(SUMIFS('03_映射表'!$C:$C,'03_映射表'!$A:$A,"qualitative_load",'03_映射表'!$B:$B,'04_员工输入'!F9),60)) | F9: =MIN(100,'04_员工输入'!J9/VLOOKUP("evidence_benchmark",'01_权重设置'!$A:$C,3,FALSE)*100) | G9: =MIN(100,'04_员工输入'!H9*VLOOKUP("leader_point",'01_权重设置'!$A:$C,3,FALSE)+'04_员工输入'!I9*VLOOKUP("partner_point",'01_权重设置'!$A:$C,3,FALSE)+IF('04_员工输入'!E9="owner",VLOOKUP("owner_bonus",'01_权重设置'!$A:$C,3,FALSE),0)) | H9: =ROUND((F9*0.45+G9*0.25+MIN(100,'04_员工输入'!K9/VLOOKUP("project_benchmark",'01_权重设置'!$A:$C,3,FALSE)*100)*0.20+IFERROR(SUMIFS('03_映射表'!$C:$C,'03_映射表'!$A:$A,"qualitative_load",'03_映射表'!$B:$B,'04_员工输入'!F9),60)*0.10),1) | I9: =MIN(100,IF(D9="filled",35,0)+IF('04_员工输入'!J9>0,35,0)+IF('04_员工输入'!K9>0,15,0)+IF('04_员工输入'!H9+'04_员工输入'!I9>0,15,0)) | J9: =VLOOKUP("w_local_form",'01_权重设置'!$A:$C,3,FALSE) | K9: =VLOOKUP("w_evidence",'01_权重设置'!$A:$C,3,FALSE) | L9: =VLOOKUP("w_role",'01_权重设置'!$A:$C,3,FALSE) | M9: =VLOOKUP("w_mainline",'01_权重设置'!$A:$C,3,FALSE) | N9: =VLOOKUP("w_confidence",'01_权重设置'!$A:$C,3,FALSE) | O9: =IF(B9="excluded_transition","EXCLUDED",ROUND(E9*J9+F9*K9+G9*L9+H9*M9+I9*N9-VLOOKUP("blank_form_penalty",'01_权重设置'!$A:$C,3,FALSE)*(D9<>"filled"),1)) | P9: =IF(O9="EXCLUDED","排除",IF(O9>=90,"A",IF(O9>=85,"B+",IF(O9>=75,"B",IF(O9>=60,"C","D"))))) | Q9: =IF(B9="excluded_transition","不进入本轮主分析",IF(D9<>"filled","补齐本地评价表与证据索引",IF(I9<70,"补证并复核置信度","可进入管理者校准"))) | R9: =IF(D9<>"filled","当前本地员工表为空模板，本地表分使用现有规则基线；填写后自动替换为人工评价分。","本地评价表已参与模型加权。")
A10: ='04_员工输入'!A10 | B10: ='04_员工输入'!C10 | C10: ='04_员工输入'!D10 | D10: ='04_员工输入'!P10 | E10: =IF(D10="filled",'04_员工输入'!U10,IFERROR(SUMIFS('03_映射表'!$C:$C,'03_映射表'!$A:$A,"qualitative_load",'03_映射表'!$B:$B,'04_员工输入'!F10),60)) | F10: =MIN(100,'04_员工输入'!J10/VLOOKUP("evidence_benchmark",'01_权重设置'!$A:$C,3,FALSE)*100) | G10: =MIN(100,'04_员工输入'!H10*VLOOKUP("leader_point",'01_权重设置'!$A:$C,3,FALSE)+'04_员工输入'!I10*VLOOKUP("partner_point",'01_权重设置'!$A:$C,3,FALSE)+IF('04_员工输入'!E10="owner",VLOOKUP("owner_bonus",'01_权重设置'!$A:$C,3,FALSE),0)) | H10: =ROUND((F10*0.45+G10*0.25+MIN(100,'04_员工输入'!K10/VLOOKUP("project_benchmark",'01_权重设置'!$A:$C,3,FALSE)*100)*0.20+IFERROR(SUMIFS('03_映射表'!$C:$C,'03_映射表'!$A:$A,"qualitative_load",'03_映射表'!$B:$B,'04_员工输入'!F10),60)*0.10),1) | I10: =MIN(100,IF(D10="filled",35,0)+IF('04_员工输入'!J10>0,35,0)+IF('04_员工输入'!K10>0,15,0)+IF('04_员工输入'!H10+'04_员工输入'!I10>0,15,0)) | J10: =VLOOKUP("w_local_form",'01_权重设置'!$A:$C,3,FALSE) | K10: =VLOOKUP("w_evidence",'01_权重设置'!$A:$C,3,FALSE) | L10: =VLOOKUP("w_role",'01_权重设置'!$A:$C,3,FALSE) | M10: =VLOOKUP("w_mainline",'01_权重设置'!$A:$C,3,FALSE) | N10: =VLOOKUP("w_confidence",'01_权重设置'!$A:$C,3,FALSE) | O10: =IF(B10="excluded_transition","EXCLUDED",ROUND(E10*J10+F10*K10+G10*L10+H10*M10+I10*N10-VLOOKUP("blank_form_penalty",'01_权重设置'!$A:$C,3,FALSE)*(D10<>"filled"),1)) | P10: =IF(O10="EXCLUDED","排除",IF(O10>=90,"A",IF(O10>=85,"B+",IF(O10>=75,"B",IF(O10>=60,"C","D"))))) | Q10: =IF(B10="excluded_transition","不进入本轮主分析",IF(D10<>"filled","补齐本地评价表与证据索引",IF(I10<70,"补证并复核置信度","可进入管理者校准"))) | R10: =IF(D10<>"filled","当前本地员工表为空模板，本地表分使用现有规则基线；填写后自动替换为人工评价分。","本地评价表已参与模型加权。")
A11: ='04_员工输入'!A11 | B11: ='04_员工输入'!C11 | C11: ='04_员工输入'!D11 | D11: ='04_员工输入'!P11 | E11: =IF(D11="filled",'04_员工输入'!U11,IFERROR(SUMIFS('03_映射表'!$C:$C,'03_映射表'!$A:$A,"qualitative_load",'03_映射表'!$B:$B,'04_员工输入'!F11),60)) | F11: =MIN(100,'04_员工输入'!J11/VLOOKUP("evidence_benchmark",'01_权重设置'!$A:$C,3,FALSE)*100) | G11: =MIN(100,'04_员工输入'!H11*VLOOKUP("leader_point",'01_权重设置'!$A:$C,3,FALSE)+'04_员工输入'!I11*VLOOKUP("partner_point",'01_权重设置'!$A:$C,3,FALSE)+IF('04_员工输入'!E11="owner",VLOOKUP("owner_bonus",'01_权重设置'!$A:$C,3,FALSE),0)) | H11: =ROUND((F11*0.45+G11*0.25+MIN(100,'04_员工输入'!K11/VLOOKUP("project_benchmark",'01_权重设置'!$A:$C,3,FALSE)*100)*0.20+IFERROR(SUMIFS('03_映射表'!$C:$C,'03_映射表'!$A:$A,"qualitative_load",'03_映射表'!$B:$B,'04_员工输入'!F11),60)*0.10),1) | I11: =MIN(100,IF(D11="filled",35,0)+IF('04_员工输入'!J11>0,35,0)+IF('04_员工输入'!K11>0,15,0)+IF('04_员工输入'!H11+'04_员工输入'!I11>0,15,0)) | J11: =VLOOKUP("w_local_form",'01_权重设置'!$A:$C,3,FALSE) | K11: =VLOOKUP("w_evidence",'01_权重设置'!$A:$C,3,FALSE) | L11: =VLOOKUP("w_role",'01_权重设置'!$A:$C,3,FALSE) | M11: =VLOOKUP("w_mainline",'01_权重设置'!$A:$C,3,FALSE) | N11: =VLOOKUP("w_confidence",'01_权重设置'!$A:$C,3,FALSE) | O11: =IF(B11="excluded_transition","EXCLUDED",ROUND(E11*J11+F11*K11+G11*L11+H11*M11+I11*N11-VLOOKUP("blank_form_penalty",'01_权重设置'!$A:$C,3,FALSE)*(D11<>"filled"),1)) | P11: =IF(O11="EXCLUDED","排除",IF(O11>=90,"A",IF(O11>=85,"B+",IF(O11>=75,"B",IF(O11>=60,"C","D"))))) | Q11: =IF(B11="excluded_transition","不进入本轮主分析",IF(D11<>"filled","补齐本地评价表与证据索引",IF(I11<70,"补证并复核置信度","可进入管理者校准"))) | R11: =IF(D11<>"filled","当前本地员工表为空模板，本地表分使用现有规则基线；填写后自动替换为人工评价分。","本地评价表已参与模型加权。")
A12: ='04_员工输入'!A12 | B12: ='04_员工输入'!C12 | C12: ='04_员工输入'!D12 | D12: ='04_员工输入'!P12 | E12: =IF(D12="filled",'04_员工输入'!U12,IFERROR(SUMIFS('03_映射表'!$C:$C,'03_映射表'!$A:$A,"qualitative_load",'03_映射表'!$B:$B,'04_员工输入'!F12),60)) | F12: =MIN(100,'04_员工输入'!J12/VLOOKUP("evidence_benchmark",'01_权重设置'!$A:$C,3,FALSE)*100) | G12: =MIN(100,'04_员工输入'!H12*VLOOKUP("leader_point",'01_权重设置'!$A:$C,3,FALSE)+'04_员工输入'!I12*VLOOKUP("partner_point",'01_权重设置'!$A:$C,3,FALSE)+IF('04_员工输入'!E12="owner",VLOOKUP("owner_bonus",'01_权重设置'!$A:$C,3,FALSE),0)) | H12: =ROUND((F12*0.45+G12*0.25+MIN(100,'04_员工输入'!K12/VLOOKUP("project_benchmark",'01_权重设置'!$A:$C,3,FALSE)*100)*0.20+IFERROR(SUMIFS('03_映射表'!$C:$C,'03_映射表'!$A:$A,"qualitative_load",'03_映射表'!$B:$B,'04_员工输入'!F12),60)*0.10),1) | I12: =MIN(100,IF(D12="filled",35,0)+IF('04_员工输入'!J12>0,35,0)+IF('04_员工输入'!K12>0,15,0)+IF('04_员工输入'!H12+'04_员工输入'!I12>0,15,0)) | J12: =VLOOKUP("w_local_form",'01_权重设置'!$A:$C,3,FALSE) | K12: =VLOOKUP("w_evidence",'01_权重设置'!$A:$C,3,FALSE) | L12: =VLOOKUP("w_role",'01_权重设置'!$A:$C,3,FALSE) | M12: =VLOOKUP("w_mainline",'01_权重设置'!$A:$C,3,FALSE) | N12: =VLOOKUP("w_confidence",'01_权重设置'!$A:$C,3,FALSE) | O12: =IF(B12="excluded_transition","EXCLUDED",ROUND(E12*J12+F12*K12+G12*L12+H12*M12+I12*N12-VLOOKUP("blank_form_penalty",'01_权重设置'!$A:$C,3,FALSE)*(D12<>"filled"),1)) | P12: =IF(O12="EXCLUDED","排除",IF(O12>=90,"A",IF(O12>=85,"B+",IF(O12>=75,"B",IF(O12>=60,"C","D"))))) | Q12: =IF(B12="excluded_transition","不进入本轮主分析",IF(D12<>"filled","补齐本地评价表与证据索引",IF(I12<70,"补证并复核置信度","可进入管理者校准"))) | R12: =IF(D12<>"filled","当前本地员工表为空模板，本地表分使用现有规则基线；填写后自动替换为人工评价分。","本地评价表已参与模型加权。")
A13: ='04_员工输入'!A13 | B13: ='04_员工输入'!C13 | C13: ='04_员工输入'!D13 | D13: ='04_员工输入'!P13 | E13: =IF(D13="filled",'04_员工输入'!U13,IFERROR(SUMIFS('03_映射表'!$C:$C,'03_映射表'!$A:$A,"qualitative_load",'03_映射表'!$B:$B,'04_员工输入'!F13),60)) | F13: =MIN(100,'04_员工输入'!J13/VLOOKUP("evidence_benchmark",'01_权重设置'!$A:$C,3,FALSE)*100) | G13: =MIN(100,'04_员工输入'!H13*VLOOKUP("leader_point",'01_权重设置'!$A:$C,3,FALSE)+'04_员工输入'!I13*VLOOKUP("partner_point",'01_权重设置'!$A:$C,3,FALSE)+IF('04_员工输入'!E13="owner",VLOOKUP("owner_bonus",'01_权重设置'!$A:$C,3,FALSE),0)) | H13: =ROUND((F13*0.45+G13*0.25+MIN(100,'04_员工输入'!K13/VLOOKUP("project_benchmark",'01_权重设置'!$A:$C,3,FALSE)*100)*0.20+IFERROR(SUMIFS('03_映射表'!$C:$C,'03_映射表'!$A:$A,"qualitative_load",'03_映射表'!$B:$B,'04_员工输入'!F13),60)*0.10),1) | I13: =MIN(100,IF(D13="filled",35,0)+IF('04_员工输入'!J13>0,35,0)+IF('04_员工输入'!K13>0,15,0)+IF('04_员工输入'!H13+'04_员工输入'!I13>0,15,0)) | J13: =VLOOKUP("w_local_form",'01_权重设置'!$A:$C,3,FALSE) | K13: =VLOOKUP("w_evidence",'01_权重设置'!$A:$C,3,FALSE) | L13: =VLOOKUP("w_role",'01_权重设置'!$A:$C,3,FALSE) | M13: =VLOOKUP("w_mainline",'01_权重设置'!$A:$C,3,FALSE) | N13: =VLOOKUP("w_confidence",'01_权重设置'!$A:$C,3,FALSE) | O13: =IF(B13="excluded_transition","EXCLUDED",ROUND(E13*J13+F13*K13+G13*L13+H13*M13+I13*N13-VLOOKUP("blank_form_penalty",'01_权重设置'!$A:$C,3,FALSE)*(D13<>"filled"),1)) | P13: =IF(O13="EXCLUDED","排除",IF(O13>=90,"A",IF(O13>=85,"B+",IF(O13>=75,"B",IF(O13>=60,"C","D"))))) | Q13: =IF(B13="excluded_transition","不进入本轮主分析",IF(D13<>"filled","补齐本地评价表与证据索引",IF(I13<70,"补证并复核置信度","可进入管理者校准"))) | R13: =IF(D13<>"filled","当前本地员工表为空模板，本地表分使用现有规则基线；填写后自动替换为人工评价分。","本地评价表已参与模型加权。")
... A16: ='04_员工输入'!A16 | B16: ='04_员工输入'!C16 | C16: ='04_员工输入'!D16 | D16: ='04_员工输入'!P16 | E16: =IF(D16="filled",'04_员工输入'!U16,IFERROR(SUMIFS('03_映射表'!$C:$C,'03_映射表'!$A:$A,"qualitative_load",'03_映射表'!$B:$B,'04_员工输入'!F16),60)) | F16: =MIN(100,'04_员工输入'!J16/VLOOKUP("evidence_benchmark",'01_权重设置'!$A:$C,3,FALSE)*100) | G16: =MIN(100,'04_员工输入'!H16*VLOOKUP("leader_point",'01_权重设置'!$A:$C,3,FALSE)+'04_员工输入'!I16*VLOOKUP("partner_point",'01_权重设置'!$A:$C,3,FALSE)+IF('04_员工输入'!E16="owner",VLOOKUP("owner_bonus",'01_权重设置'!$A:$C,3,FALSE),0)) | H16: =ROUND((F16*0.45+G16*0.25+MIN(100,'04_员工输入'!K16/VLOOKUP("project_benchmark",'01_权重设置'!$A:$C,3,FALSE)*100)*0.20+IFERROR(SUMIFS('03_映射表'!$C:$C,'03_映射表'!$A:$A,"qualitative_load",'03_映射表'!$B:$B,'04_员工输入'!F16),60)*0.10),1) | I16: =MIN(100,IF(D16="filled",35,0)+IF('04_员工输入'!J16>0,35,0)+IF('04_员工输入'!K16>0,15,0)+IF('04_员工输入'!H16+'04_员工输入'!I16>0,15,0)) | J16: =VLOOKUP("w_local_form",'01_权重设置'!$A:$C,3,FALSE) | K16: =VLOOKUP("w_evidence",'01_权重设置'!$A:$C,3,FALSE) | L16: =VLOOKUP("w_role",'01_权重设置'!$A:$C,3,FALSE) | M16: =VLOOKUP("w_mainline",'01_权重设置'!$A:$C,3,FALSE) | N16: =VLOOKUP("w_confidence",'01_权重设置'!$A:$C,3,FALSE) | O16: =IF(B16="excluded_transition","EXCLUDED",ROUND(E16*J16+F16*K16+G16*L16+H16*M16+I16*N16-VLOOKUP("blank_form_penalty",'01_权重设置'!$A:$C,3,FALSE)*(D16<>"filled"),1)) | P16: =IF(O16="EXCLUDED","排除",IF(O16>=90,"A",IF(O16>=85,"B+",IF(O16>=75,"B",IF(O16>=60,"C","D"))))) | Q16: =IF(B16="excluded_transition","不进入本轮主分析",IF(D16<>"filled","补齐本地评价表与证据索引",IF(I16<70,"补证并复核置信度","可进入管理者校准"))) | R16: =IF(D16<>"filled","当前本地员工表为空模板，本地表分使用现有规则基线；填写后自动替换为人工评价分。","本地评价表已参与模型加权。")

Sheet 06_当前评分快照
A1: 姓名 | B1: 分析状态 | C1: 组织团队 | D1: 本地表状态 | E1: 规则/本地分 | F1: 证据归一分 | G1: 角色责任分 | H1: 主线贡献分 | I1: 证据置信分 | J1: 模型建议分 | K1: 建议档位 | L1: 建议动作
A2: 余宗历 | B2: active | C2: 领域驱动 | D2: template_blank | E2: 78 | F2: 13 | G2: 36 | H2: 29.3 | I2: 65 | J2: 38.6 | K2: D | L2: 补齐本地评价表与证据索引
A3: 刘锦峰 | B3: active | C3: 超级合作 | D3: template_blank | E3: 68 | F3: 4 | G3: 0 | H3: 15.3 | I3: 50 | J3: 24 | K3: D | L3: 补齐本地评价表与证据索引
A4: 孙若一 | B4: active | C4: 超级合作 | D4: template_blank | E4: 68 | F4: 10 | G4: 0 | H4: 24.6 | I4: 50 | J4: 27.9 | K4: D | L4: 补齐本地评价表与证据索引
A5: 张云豪 | B5: active | C5: 领域驱动 | D5: template_blank | E5: 84 | F5: 18 | G5: 57 | H5: 50.8 | I5: 65 | J5: 49.3 | K5: D | L5: 补齐本地评价表与证据索引
A6: 张劲 | B6: active | C6: 领域驱动 | D6: template_blank | E6: 92 | F6: 34.5 | G6: 88 | H6: 60.1 | I6: 65 | J6: 63.5 | K6: C | L6: 补齐本地评价表与证据索引
A7: 张婕 | B7: excluded_transition | D7: template_blank | E7: EXCLUDED | F7: EXCLUDED | G7: EXCLUDED | H7: EXCLUDED | I7: EXCLUDED | J7: EXCLUDED | K7: 排除 | L7: 不进入本轮主分析
A8: 张帆 | B8: active | C8: 领域驱动 | D8: template_blank | E8: 76 | F8: 14 | G8: 37 | H8: 29.8 | I8: 65 | J8: 38.7 | K8: D | L8: 补齐本地评价表与证据索引
A9: 李昊星 | B9: active | C9: 超级合作 | D9: template_blank | E9: 50 | F9: 3 | G9: 0 | H9: 9.7 | I9: 50 | J9: 18 | K9: D | L9: 补齐本地评价表与证据索引
A10: 李玮 | B10: active | C10: 领域驱动 | D10: template_blank | E10: 88 | F10: 76 | G10: 93 | H10: 86.2 | I10: 65 | J10: 83 | K10: B | L10: 补齐本地评价表与证据索引
A11: 李苏南 | B11: active | C11: 超级合作 | D11: template_blank | E11: 92 | F11: 58 | G11: 100 | H11: 80.3 | I11: 65 | J11: 77.6 | K11: B | L11: 补齐本地评价表与证据索引
A12: 李颖 | B12: active | C12: AI提效 | D12: template_blank | E12: 92 | F12: 100 | G12: 68 | H12: 87.9 | I12: 65 | J12: 89 | K12: B+ | L12: 补齐本地评价表与证据索引
A13: 杜馨柯 | B13: active | C13: 超级合作 | D13: template_blank | E13: 55 | F13: 0 | G13: 0 | H13: 5.5 | I13: 0 | J13: 14.8 | K13: D | L13: 补齐本地评价表与证据索引
A14: 陈宁子 | B14: active | C14: 超级合作 | D14: template_blank | E14: 55 | F14: 3 | G14: 0 | H14: 10.2 | I14: 50 | J14: 19.3 | K14: D | L14: 补齐本地评价表与证据索引
A15: 韩康佳 | B15: active | C15: 领域驱动 | D15: template_blank | E15: 80 | F15: 55.5 | G15: 44 | H15: 64 | I15: 65 | J15: 62.1 | K15: C | L15: 补齐本地评价表与证据索引
A16: 顾颖芝 | B16: active | C16: 领域驱动 | D16: template_blank | E16: 84 | F16: 13 | G16: 64 | H16: 43.6 | I16: 65 | J16: 47.1 | K16: D | L16: 补齐本地评价表与证据索引

Sheet 99_版本记录
A1: 版本 | B1: 日期 | C1: 作者 | D1: 变更内容 | E1: 兼容性
A2: 0.1 | B2: 2026-07-07 | C2: Codex | D2: 建立小范围绩效评分 YAML 草案，完成李颖样本审计。 | E2: 文档模型
A3: 0.2 | B3: 2026-07-08 | C3: Codex | D3: 生成可调权重 Excel 模型，接入本地员工评价表模板、云端证据和组织角色。 | E3: 可重算模型
